"","EGFR","IGFR","SOS","Ras","PI3K","AKT","Raf","Mek","Erk"
"1",35.120638567773,6.13496508865819,42,47,70,59,36,81,90
"2",37.5509299726662,6.11193184503695,42,41,72,60,26,78,80
"3",34.4931141627699,4.12922236639466,49,60,63,60,47,82,90
"4",41.7858424064134,5.21073158507284,47,46,71,61,31,78,90
"5",37.9885233154461,5.06939564737446,43,45,65,50,33,74,89
"6",34.538594847646,3.33735114715808,43,43,56,46,41,84,87
"7",38.4622871572855,5.81083998017723,45,47,71,62,38,72,91
"8",39.2149741153877,3.08765420395292,35,46,63,55,32,77,93
"9",38.7273440549605,3.75324657120496,45,43,64,50,45,72,88
"10",36.0838348385309,5.99815444505731,39,42,57,58,39,82,90
"11",41.5353435053525,4.45912725548574,42,45,61,51,34,80,90
"12",38.1695297092343,4.78362420921975,45,47,63,57,36,77,91
"13",35.1362782583746,3.37806270715802,50,49,73,54,38,73,94
"14",30.3559003384675,3.54903603460064,33,42,63,58,25,76,91
"15",40.3747927544293,5.35090973068782,42,42,66,57,41,82,94
"16",36.8651991729543,4.82545307126878,40,45,55,49,38,71,91
"17",36.9514292107032,4.40857152978384,47,54,66,57,41,84,91
"18",39.8315086320559,3.66597273910392,37,45,54,52,32,79,91
"19",39.4636635852943,3.90270149880772,42,42,72,61,46,78,88
"20",38.7817039636525,7.03610360936432,50,54,64,48,42,85,93
"21",39.7569321148247,4.67351040662517,52,51,77,56,35,85,90
"22",39.3464089021932,5.77400521202148,48,53,61,56,37,72,86
"23",37.2236949500956,5.78500640067928,43,51,67,62,35,79,89
"24",31.0319449124099,5.76324608034589,36,53,65,59,44,79,84
"25",38.8594772436841,5.29480875956504,44,49,62,58,42,86,88
"26",36.831613781413,3.74764407582734,49,44,69,44,25,64,88
"27",36.532613479884,3.99049624723034,38,46,60,54,31,71,85
"28",32.5877428483022,5.75139119454593,47,45,63,54,27,82,88
"29",35.5655498346741,3.69164648741724,45,47,58,51,43,81,87
"30",38.2538246805991,5.52754009706365,41,35,65,53,28,83,92
"31",41.0760386545871,4.46646042642266,54,56,57,57,35,83,83
"32",36.691636817971,4.60162398590636,45,47,63,55,43,81,92
"33",38.1630148346781,4.21043054950517,50,57,66,51,44,82,91
"34",36.8385848782513,4.76985886372945,51,47,58,53,36,79,87
"35",32.8688213295142,5.8771848416518,44,39,61,54,32,83,91
"36",35.755016310101,5.45373317754117,53,52,55,49,40,86,88
"37",35.817130138869,4.76753585227659,42,42,66,57,39,82,93
"38",36.8220598098664,5.87000552469028,40,38,67,51,37,76,88
"39",40.3000761159516,6.65600373414682,52,50,64,55,41,82,86
"40",39.2895272453726,4.99363107108516,42,52,70,54,44,80,88
"41",36.5064292112392,5.47048945310776,47,46,62,57,39,71,83
"42",36.2399149595905,5.27821864906474,49,47,57,59,38,75,86
"43",39.0908901262142,4.02209705898189,55,47,62,60,30,76,89
"44",38.669989596021,4.07341385785405,43,42,63,50,36,82,85
"45",34.9337329163514,6.9197704626212,49,43,61,59,43,83,91
"46",34.8775145291136,5.88127778777618,55,48,54,49,47,78,82
"47",38.0937458864105,5.74208177192648,42,51,75,52,32,76,82
"48",39.3055987735463,5.14757340404943,49,52,66,61,34,76,91
"49",36.6629613635493,5.48538856499227,56,51,64,46,35,76,86
"50",39.6433231793626,5.15185603954598,52,44,67,55,35,69,92
"51",38.1943176411012,5.04199875408727,43,42,72,52,37,75,90
"52",35.1639208202477,5.22342231194305,43,45,64,58,33,76,92
"53",38.0233590742733,3.98953491399579,38,49,72,58,42,83,89
"54",33.6119107117576,7.40122210197122,50,61,62,68,30,82,88
"55",41.2990711051031,5.80196179027088,56,56,61,50,38,74,90
"56",42.9411996955176,4.74879204104435,57,51,68,58,29,71,86
"57",35.8983355706005,6.21288937082924,42,46,65,63,33,74,88
"58",33.8675961210504,4.37274191399512,41,44,59,54,36,72,86
"59",38.7091588823272,6.71115850747586,53,47,70,53,34,82,86
"60",36.5948361883575,4.60562644697724,38,43,58,55,26,72,85
"61",44.2048532815143,2.67850914354809,47,57,70,68,31,71,84
"62",36.8822799918005,6.36411919539957,49,55,62,53,41,79,89
"63",39.0692180873523,6.13222913272875,44,52,66,65,40,83,90
"64",37.084006476342,4.22568368064129,46,49,64,62,31,78,85
"65",34.7701803733528,3.58962503400641,38,42,63,59,36,80,92
"66",37.566376898543,3.16547241930336,48,53,58,64,38,84,92
"67",31.5851241133269,4.73098646206957,38,38,62,52,24,66,88
"68",41.3966645846887,3.16607142272033,45,51,67,60,40,80,87
"69",37.4597600146357,4.18553198122502,38,48,59,52,35,81,88
"70",43.5178350110865,5.16357212237862,45,53,62,66,36,83,87
"71",38.426528586699,5.8555192220504,41,51,60,54,36,74,87
"72",34.8701607072346,4.18003687312026,47,48,62,53,37,75,89
"73",38.8321790604672,4.87639724002432,55,45,65,62,36,76,91
"74",34.1977071050672,5.25494823604143,47,51,65,60,44,82,85
"75",33.2390997992827,6.71892633823732,51,43,72,65,24,76,92
"76",37.8743387065524,4.04145647247288,43,43,61,56,28,74,86
"77",35.6701243803447,3.39568973823952,43,52,70,50,34,75,84
"78",37.0033160548949,3.1543905782892,41,40,73,57,27,75,85
"79",37.223023972455,5.55573718528977,44,42,63,57,38,77,87
"80",35.2314371614358,4.93988080864963,47,55,66,56,39,74,86
"81",35.2939938015445,5.77208630439313,42,48,59,52,32,73,90
"82",36.5944641546285,4.85916061284265,50,56,60,52,37,75,88
"83",40.5342609897196,5.39309392551426,46,51,59,64,38,81,89
"84",32.4292995987107,5.22421857415945,42,41,62,53,36,81,90
"85",38.7818385628853,5.02354198516858,45,50,68,57,32,81,87
"86",37.9988511136406,4.37703734023521,47,42,65,58,27,80,92
"87",40.1892995118291,6.26200938062639,40,43,58,48,35,78,92
"88",36.0874482290971,4.59422595722423,40,49,62,54,47,81,89
"89",38.1100564297489,5.66676377144248,56,56,66,53,39,84,94
"90",37.8012963723167,5.16463915453013,50,49,55,53,29,76,83
"91",35.372439907025,6.78152447478717,48,51,64,48,32,82,87
"92",40.6236034179495,5.71121396432388,50,44,78,55,39,79,88
"93",40.4812078470849,4.66230884413763,41,46,65,62,35,86,89
"94",39.100640948545,4.99085104773265,52,54,67,47,37,80,88
"95",41.7605003636225,4.87469079158657,62,57,75,61,30,81,91
"96",38.6754592766959,2.9091539030277,46,45,68,64,39,74,85
"97",33.1702233746259,6.69739389482069,54,41,62,54,36,86,86
"98",35.2802037572893,6.06388115448751,42,40,62,52,37,80,91
"99",33.3261621553049,4.23338336377473,53,50,57,61,39,84,92
"100",35.5797980906821,5.38200755917038,40,32,57,55,31,75,92
"101",35.1388999683276,5.24189590360699,45,57,65,55,41,81,89
"102",37.1263476194327,3.86724058894758,48,48,67,56,48,82,87
"103",34.2672350543427,6.48990741365323,47,53,65,46,34,75,88
"104",37.4740863172122,4.75175289503103,42,51,72,51,34,81,88
"105",35.0362460682435,5.18358370794345,39,42,64,56,37,79,94
"106",42.3018618081179,5.40487100943975,55,54,64,55,38,66,80
"107",39.1501224280516,4.00587553069058,47,42,68,59,33,86,87
"108",39.7305226884857,3.91457067043273,50,54,58,61,34,79,93
"109",38.152556073479,4.95145744547028,40,43,61,61,35,67,86
"110",42.0465282415583,5.57608560051221,52,48,67,66,35,79,86
"111",35.0927906381531,5.07383053184461,61,52,68,64,37,81,90
"112",35.6150658089183,5.70594557130222,41,42,63,51,34,84,88
"113",41.296846715625,5.33498010339135,52,45,70,61,40,77,86
"114",35.0479109400689,5.54538780592462,40,45,57,57,32,78,87
"115",36.3778577691941,3.59709409405873,61,62,64,49,40,81,84
"116",35.821576211674,5.67705389094388,42,50,50,51,35,74,93
"117",36.0400213943545,4.21019955385709,36,45,66,54,32,84,88
"118",36.1626600910703,4.5342711105659,43,45,57,50,33,84,91
"119",38.4825649938035,4.89514793476521,46,51,61,49,40,78,92
"120",36.4680085531912,3.35214891269466,47,58,61,62,52,79,90
"121",35.4821276136572,4.90046304802864,43,30,63,48,28,80,93
"122",41.0291164755112,4.5601423631568,49,43,65,56,30,69,89
"123",36.3562617743594,4.28148854806154,46,53,62,57,47,80,97
"124",36.4613304098698,4.44540240366509,40,43,64,56,28,71,89
"125",36.6994277763593,6.24548917675143,45,48,64,57,33,76,94
"126",39.1379989211542,3.7410786490389,47,54,66,55,32,73,91
"127",36.779306787621,4.78461551857198,40,43,63,55,32,75,86
"128",36.8870974855989,2.52803828988054,39,44,56,57,34,78,89
"129",34.955018563733,4.32583067989393,43,55,64,56,36,81,88
"130",36.027189183261,4.49870281457008,45,50,66,60,29,79,88
"131",37.1804813213035,6.54232578795203,49,55,54,61,36,83,92
"132",35.233316541221,4.03798193476324,42,45,64,52,32,78,90
"133",38.5944885778977,4.12782046355859,49,45,65,65,26,71,89
"134",32.4448177546396,3.60237038209564,41,48,59,41,36,83,83
"135",37.9196735823693,5.17980516681641,44,43,70,53,39,81,90
"136",32.3906505293872,6.15409198778734,48,51,62,56,53,84,91
"137",36.0970716194902,3.80146638991351,40,57,66,61,35,83,91
"138",35.415160286665,4.57427559852598,40,52,61,51,52,83,89
"139",35.043715657957,6.3663086088475,43,44,66,55,41,83,94
"140",36.8293096664578,4.31570260534134,51,54,65,46,36,85,94
"141",31.25692172296,5.68551220837628,49,50,66,65,36,78,93
"142",40.5297499360557,5.38950354281374,46,53,62,58,39,76,93
"143",32.005082691364,3.6946040761947,44,42,63,49,37,73,88
"144",35.6094087955828,6.21688801110113,54,56,63,50,38,72,89
"145",33.6522396848715,5.79517401827231,56,50,70,53,35,81,93
"146",34.7475429964197,4.5117974905742,44,51,64,54,42,78,92
"147",43.261499636885,4.09600654536984,47,52,64,49,40,75,78
"148",37.0521868590798,4.60958158191307,51,41,59,57,42,86,93
"149",33.141098408697,5.81406341514541,37,45,61,55,26,70,85
"150",32.0781833967443,4.43575071981657,43,50,58,57,34,79,93
"151",38.350561303818,3.12579468123068,51,50,69,58,40,80,80
"152",36.9443205018561,4.8570952890789,56,52,71,52,37,74,90
"153",36.0457948763685,5.77190400974234,42,37,67,57,32,80,89
"154",34.2119135576389,3.84088206983246,40,49,66,58,40,79,91
"155",32.5376190695755,4.76208447232966,41,51,57,57,36,79,89
"156",33.774423110153,3.77780667397775,41,44,71,53,38,82,89
"157",40.0000864111417,5.11680621292563,53,48,55,50,42,83,86
"158",35.1361999156095,4.86750037198648,47,51,66,55,32,83,93
"159",32.8467194578465,4.96631522396236,42,47,67,59,39,82,91
"160",42.6078718672707,4.37767358177253,48,47,63,53,39,74,83
"161",38.2753011321173,4.29063653844707,46,50,71,55,35,77,90
"162",36.2840586972609,5.87144541440875,40,49,66,50,41,84,89
"163",40.1754491461271,5.10513801903717,43,44,66,72,27,77,85
"164",39.6592679541248,4.81306473242614,49,54,72,63,42,83,94
"165",35.1422708553066,1.78681146757917,40,37,61,52,47,82,92
"166",43.6183073936214,3.72438129683615,50,44,59,54,27,73,89
"167",36.234918909577,5.76290631788638,54,44,66,53,29,70,90
"168",32.7265160493616,4.59318485655719,43,41,58,57,29,72,92
"169",36.5668011941373,3.79168221611939,54,56,67,53,46,80,91
"170",37.622615017697,4.56067734312165,43,41,65,50,34,83,85
"171",43.9239351971781,4.62441925405702,43,44,63,64,28,71,91
"172",37.3174071036811,4.49855760485329,46,42,67,53,37,79,90
"173",38.3709964162702,5.49661257577875,46,58,65,51,40,79,92
"174",36.7685411939304,6.52088093822893,44,41,63,54,38,81,89
"175",35.9979974729004,5.98809182781136,47,48,63,57,37,73,89
"176",36.8958219150662,6.24612253397107,56,51,65,63,35,78,83
"177",39.3629188168905,4.67013267250152,43,44,63,65,31,76,90
"178",43.2257350259569,5.84434471398894,47,44,58,57,34,80,88
"179",40.0821773162913,4.01892424475368,52,55,73,47,39,77,89
"180",40.6237251951601,4.86077859488254,40,51,61,60,33,83,86
"181",33.3060297353259,7.1854379064735,46,43,57,47,42,80,89
"182",39.9516867101601,4.98717199012139,45,56,70,58,39,79,89
"183",37.659774410982,4.69469107402931,45,45,64,56,33,71,91
"184",32.5982499127233,4.41578653934769,40,50,59,59,43,86,87
"185",38.5630682279444,5.77126850187266,46,48,63,59,24,68,88
"186",36.523736185852,7.1061893617618,46,51,64,54,31,81,90
"187",41.3937619359094,5.41215703684704,47,57,68,53,38,76,89
"188",34.701754001186,4.73873512190604,40,50,60,60,46,81,87
"189",35.7093647382144,7.07378364600369,46,46,66,52,32,82,88
"190",34.2216715078677,4.22116977655906,43,51,65,52,34,67,85
"191",36.4686881156904,6.1315325132809,42,53,66,55,44,82,88
"192",38.206035338459,4.57865487191635,44,53,60,59,28,76,92
"193",34.8047554806412,3.97825262998027,44,43,57,57,30,77,84
"194",39.491119503945,6.21830537874678,49,58,66,50,40,83,89
"195",33.3757516410866,3.20023932510461,46,47,58,53,36,73,87
"196",33.8560467615768,4.69175006164928,43,41,58,59,31,80,90
"197",41.3234731205328,5.01551524334874,44,53,69,49,32,83,89
"198",33.952457604086,4.55768228133307,44,39,64,52,35,79,86
"199",38.2359241369525,3.36199226711881,47,47,64,52,35,77,90
"200",35.8567718466732,4.35859884381715,41,54,64,58,33,75,90
"201",38.2282055189528,3.44296425554935,51,50,67,55,33,80,91
"202",42.0666198586121,6.92316365296288,50,48,68,52,37,83,92
"203",41.7597653003259,3.14317037160014,41,48,66,60,35,85,93
"204",36.0072765979517,2.89388156440497,46,65,68,59,38,79,85
"205",30.1442933941226,5.69764852694435,42,46,66,64,30,69,84
"206",44.4929847695025,5.90744440772833,52,49,69,60,42,79,92
"207",39.0011985002965,4.80401180111598,47,38,62,54,40,75,86
"208",38.6239820078911,4.7931795120444,54,43,65,57,26,77,87
"209",36.9598014305623,5.7250431704751,43,47,67,53,38,73,89
"210",38.5303252688588,6.3987189554318,49,51,66,51,41,74,91
"211",36.506872504691,3.40944485057277,41,55,64,52,43,80,88
"212",38.2620839297635,6.30449707663973,61,53,67,61,34,83,87
"213",35.7992597680671,5.19601173369765,41,44,57,55,34,79,89
"214",32.8893763673576,4.6606565545143,40,55,62,56,45,82,88
"215",39.9635148023646,6.26514414014378,54,55,72,61,33,84,85
"216",41.5592350764986,5.93977368507344,45,49,59,60,34,79,89
"217",36.0737782923232,6.27795248593622,49,47,66,49,43,80,87
"218",33.2401307331769,4.7088398563652,46,48,57,62,27,77,91
"219",38.9267239170335,5.77617244968157,47,45,66,55,28,78,88
"220",36.8658725893181,5.29572563321119,47,46,62,56,41,76,93
"221",31.8003447795255,4.48280044521858,39,49,63,57,32,76,85
"222",37.0063955790408,6.75723302433968,65,64,64,57,44,80,88
"223",35.1090989982156,5.16172681885512,41,41,64,58,31,75,88
"224",35.9770942604188,4.94531562416187,43,52,65,57,34,80,90
"225",33.5302829120924,5.52897160066883,45,54,64,55,41,78,90
"226",42.4094257237524,5.38973452125561,48,43,67,60,41,86,88
"227",36.0066038908263,4.29422858515645,48,49,73,57,42,74,95
"228",32.1834597632408,4.94682152490757,42,47,67,58,23,78,91
"229",37.5915803162184,7.60644448878565,48,40,65,53,36,73,86
"230",37.7895269392164,4.92740689521673,44,46,66,55,33,80,91
"231",34.0425198987721,4.70372810856967,48,48,63,55,40,76,89
"232",28.3332379849614,5.734330336062,37,44,69,50,36,81,92
"233",35.0785548923047,5.40148074643659,49,44,63,57,32,78,83
"234",38.7115229077615,4.46169892396027,42,52,60,50,44,84,91
"235",36.8208301718722,3.91727718908293,48,60,63,54,33,77,90
"236",36.7054637679843,5.84780140750412,34,41,66,60,33,76,86
"237",38.6824621858603,5.11884501500681,48,53,67,53,32,84,87
"238",33.4406240842616,5.48224722277616,38,51,73,52,37,79,87
"239",40.2903311328227,4.70867519527588,41,55,73,54,39,74,90
"240",36.9839679151655,3.34788972852273,53,41,51,50,38,75,85
"241",39.1219320021942,5.06909459827588,47,43,67,54,33,75,88
"242",40.1023232042124,7.39057669996185,48,46,63,57,39,83,88
"243",37.6704412447459,3.53822831369896,44,44,69,57,28,77,91
"244",34.3638771614019,4.01519370725227,40,39,60,61,29,71,86
"245",40.488893667902,3.66394625549705,34,41,63,59,26,75,90
"246",30.9995051656436,4.63486838826694,39,39,56,54,34,77,85
"247",35.3656277799948,6.38145424797967,45,48,64,64,28,78,87
"248",36.232987872529,4.84668274424582,38,47,58,59,36,72,84
"249",36.501636889705,4.7444283657601,39,42,62,52,42,85,93
"250",40.0613917263523,3.71137289640292,51,52,67,64,40,83,85
"251",37.4086656793083,5.06526641700069,49,43,64,65,26,72,89
"252",38.2215028102715,6.03532642142089,41,54,68,58,37,87,88
"253",36.7910355609613,7.26021579186023,48,50,72,58,43,74,84
"254",36.257006975142,6.31469627531537,41,49,64,62,39,86,90
"255",39.0866524198589,4.12997665431294,44,43,73,58,35,80,84
"256",40.4386850716474,4.4968699646149,49,45,71,51,42,83,85
"257",29.7907113553244,5.60745555525587,47,52,70,57,37,80,90
"258",38.7182186657375,4.98995858374543,53,51,63,53,45,85,94
"259",38.124173220336,5.27533029961876,51,46,69,59,32,81,90
"260",35.7241968353318,3.68770121662865,45,45,58,57,31,80,83
"261",39.8530384227304,4.57347013265645,44,45,65,56,35,77,89
"262",35.8322884548449,4.0735957523201,45,48,58,48,36,84,90
"263",36.1470080146013,4.07144207538876,36,54,62,58,35,83,88
"264",39.5722293342394,4.2810993977779,45,48,56,56,37,81,89
"265",42.1588818973618,4.58520943048189,42,43,59,51,33,79,89
"266",37.8101647028117,4.99433210685947,46,44,62,59,38,85,91
"267",35.7334479706371,5.63344891949485,44,47,66,50,29,78,89
"268",33.4326601154212,4.49081922634404,47,46,56,54,34,81,89
"269",36.006901063363,4.14299138067127,46,49,71,63,35,83,90
"270",34.1805120204699,6.61616757681286,48,46,65,55,34,73,89
"271",36.2232022506436,5.99386640683833,43,45,76,56,37,80,91
"272",38.1831375046647,5.6968458594058,40,42,60,55,30,83,94
"273",34.4444287239284,6.6999706729654,29,41,68,60,39,81,90
"274",44.9475006432846,4.02225805473732,47,56,66,58,44,85,90
"275",37.4680350269952,7.04881758195934,54,54,61,58,41,78,90
"276",40.3906218023648,6.22644932416057,45,51,70,59,44,79,93
"277",30.1326280604797,5.3070230119776,40,40,66,58,41,73,87
"278",39.2230034715863,5.62433298392666,42,44,67,54,34,80,87
"279",33.0512645186453,5.06134144245102,50,44,55,57,32,85,86
"280",39.7594110328274,4.88917420857105,42,50,71,54,40,85,89
"281",38.1943904663559,3.4237664399307,51,51,63,52,40,75,86
"282",35.7774142621907,5.74258984581865,48,53,70,56,39,81,86
"283",40.9727758905318,7.14232339810565,44,43,57,59,25,78,89
"284",34.8963049922592,7.08977295667316,45,48,65,59,35,80,93
"285",35.2581570872784,5.16979432712752,47,41,56,47,36,74,83
"286",33.9967834569237,4.89212221107895,43,53,62,62,33,78,90
"287",34.9954641797398,5.18199449457932,45,47,68,63,38,74,85
"288",39.8355548601192,6.14592817832429,45,48,65,43,39,86,90
"289",38.3011064486355,6.47729882260241,46,44,64,52,24,72,95
"290",40.0154776530311,5.40794415253402,52,49,61,56,36,73,91
"291",35.829644007839,6.11427873521406,40,47,66,56,34,79,93
"292",38.1291108753239,4.97292415600644,42,48,64,51,27,74,89
"293",37.7324947734595,5.49772220334728,53,52,62,58,37,80,88
"294",32.7212279728524,6.18564001363487,45,55,65,58,43,78,88
"295",42.3352878624264,8.63957362674029,43,49,60,53,43,89,92
"296",37.403342982801,4.94599740440594,44,53,61,57,30,79,91
"297",39.2967969974736,4.33185268311338,46,47,64,58,36,74,90
"298",39.8654100307269,5.44580795741534,47,44,61,49,35,75,91
"299",36.8483028956732,4.59417475363622,45,56,59,54,44,83,92
"300",36.0825537406991,5.63528314452157,45,40,52,54,29,68,85
"301",39.6810211072765,5.34124839913454,53,50,64,53,38,85,81
"302",33.8581055528161,6.31616716303968,49,49,61,54,35,72,83
"303",42.9140121586725,4.04022351633864,58,51,67,57,38,87,87
"304",35.8491036811349,3.79442478861917,50,48,61,62,41,79,89
"305",41.962435906825,6.56757305821464,42,55,67,55,36,79,85
"306",41.5366380818519,5.22528579979107,43,45,72,54,31,78,89
"307",37.2488972007577,4.07758934255939,41,46,62,59,33,81,86
"308",38.7016627445545,3.92622758959781,51,53,67,59,37,90,93
"309",33.9263545613966,4.44764171443761,45,52,67,56,37,80,87
"310",37.9690195090673,5.59046140113699,46,53,72,61,40,75,86
"311",40.1308373750686,4.47272458927508,46,37,64,60,26,79,90
"312",37.2972354606916,6.34184616376387,43,47,61,62,30,83,86
"313",35.6375892725369,5.24384462848659,44,47,66,67,31,77,87
"314",35.0326544426487,5.19588078939431,41,37,60,49,35,79,87
"315",36.8922327321325,4.98448027137377,45,48,66,55,37,73,92
"316",40.2074843820304,4.70242267184822,45,46,59,49,31,78,84
"317",35.5480752090962,4.83232085293856,40,56,67,50,37,83,91
"318",36.6369696660177,6.15647857993652,53,50,76,52,37,80,88
"319",33.1175799885375,3.66123599078268,45,51,58,51,39,86,90
"320",38.4829385080446,6.08676877525818,43,52,74,69,33,80,82
"321",40.9237045603424,4.64931580330074,52,47,64,50,33,75,85
"322",41.4911230282083,5.7347232445509,45,49,70,47,38,81,90
"323",39.4441081926921,4.94158551621625,53,43,66,50,41,80,89
"324",31.3906336293922,3.65418709574725,43,42,52,49,33,80,83
"325",38.4460885123713,5.34690526927783,42,42,59,52,35,84,92
"326",38.3684068099036,4.36159535301578,44,47,69,52,32,75,86
"327",35.9397991425103,6.12439235451868,51,54,65,64,29,77,86
"328",37.5114684128439,4.17226696918511,52,49,69,57,33,75,89
"329",34.4078921376193,3.21221986248455,51,55,57,51,51,81,90
"330",39.037692322047,4.14598999743573,51,45,66,63,41,77,89
"331",36.0186969560407,4.42797727764365,44,39,64,50,25,75,87
"332",32.2927534445681,4.17406932129084,34,44,63,57,40,87,91
"333",35.8976477314886,4.76241590595354,43,53,64,50,41,80,86
"334",41.0933047872095,4.40467350389229,48,51,62,56,36,76,90
"335",35.9971559058065,4.5892578052404,46,46,56,56,37,79,91
"336",39.1982501266273,5.32799143840865,41,39,63,57,23,78,91
"337",39.8397569205934,3.8363533883103,56,48,60,44,43,79,92
"338",37.0131961129791,5.76017766502241,51,44,63,60,32,71,95
"339",35.9430330833505,4.99744416394961,49,54,66,57,44,87,87
"340",35.4109134725995,4.961772229085,43,46,64,55,41,84,95
"341",39.2187676767244,2.96376258001998,43,54,66,52,41,82,91
"342",33.8096277535516,4.69877092056344,47,41,60,50,22,72,88
"343",37.7386325306092,4.44435389556853,55,49,59,58,29,69,92
"344",36.1315019003071,5.84729541571529,39,41,56,58,36,74,88
"345",30.2053319305362,6.39082051104259,46,39,72,52,34,77,91
"346",32.7734486317804,6.23124621524982,52,43,53,60,33,74,86
"347",39.7480579863777,3.88666253784785,52,47,61,55,38,78,83
"348",36.4261631483944,4.20394610733643,54,54,64,51,33,73,89
"349",39.4098496484009,4.91048012285328,58,40,65,49,28,74,83
"350",42.6624233899258,3.94034311213855,40,51,66,53,42,82,84
"351",41.4216435433274,3.39568780601993,44,46,63,57,36,85,95
"352",39.031805476939,5.79135066602523,48,55,72,54,34,75,94
"353",38.1398880597002,5.06815652805898,41,45,57,64,42,82,88
"354",36.421604720628,5.61439599972809,45,52,65,49,33,72,80
"355",41.7336753847132,3.79693224717281,48,49,66,68,35,82,87
"356",38.7887023279554,4.65954516463937,53,55,68,57,41,79,87
"357",33.4792691773859,3.82875136557689,41,45,63,62,38,73,85
"358",36.533072395329,4.17058523236485,37,48,60,57,40,82,93
"359",31.2432705391905,5.22921204180505,37,40,65,56,35,73,90
"360",36.4142234616681,4.18500708171726,55,52,63,60,35,74,89
"361",29.223016990162,4.00655448538655,45,42,52,45,33,80,86
"362",40.9420065015942,3.69383154099082,42,52,63,52,30,79,93
"363",35.0933709969036,3.56577822849212,49,56,65,51,46,84,91
"364",35.7100634839174,4.13715206676333,40,47,66,65,30,77,88
"365",36.4920450030941,6.70379920381415,53,47,66,61,28,76,89
"366",38.8366545219674,4.34436740352603,55,53,62,54,42,73,95
"367",39.0350205316681,3.88683137437405,50,40,66,49,38,80,85
"368",38.703855917415,3.59449455363164,46,52,59,55,45,82,92
"369",35.2823721882216,4.84935631321236,47,46,55,55,38,76,89
"370",32.910126231165,4.60599308757122,46,55,66,49,37,78,94
"371",35.8338332669863,5.25206931974788,43,45,59,46,40,84,85
"372",37.8337423973516,4.71729356226804,46,49,68,60,31,71,90
"373",34.5307566352839,5.86766761253418,44,46,61,49,37,72,86
"374",36.7934771965646,5.72009112128767,46,50,62,52,39,74,85
"375",33.4970130216106,6.05606960140852,48,50,59,60,32,82,85
"376",36.9750729573532,5.24350206037839,50,50,63,47,43,80,90
"377",37.3865662047922,6.11436266207131,43,49,68,61,46,71,83
"378",36.562373114617,4.92344728627512,50,48,65,52,38,74,94
"379",36.5082671297918,5.93292505395037,46,56,66,58,40,79,82
"380",42.2906560083548,4.84201826133085,48,50,71,59,41,76,88
"381",39.287759537255,4.31849048519739,49,41,68,54,32,73,89
"382",40.3342932421919,3.77989890857486,42,41,73,55,37,81,93
"383",34.2303791415105,4.29108700837563,47,52,58,57,34,77,86
"384",37.4930255152839,4.25132040215855,49,52,68,54,46,80,89
"385",40.4644755612918,5.57607752614667,41,45,60,53,30,83,87
"386",36.8304357264205,4.94790053606904,47,48,58,62,31,80,92
"387",30.611918055296,4.36966282640452,43,44,64,60,27,78,93
"388",38.0345372862984,4.10166393448925,49,54,61,60,47,82,86
"389",31.2851336632434,6.51268587551728,39,40,64,48,37,71,89
"390",34.5664895405793,4.76325070724539,43,41,63,56,25,78,90
"391",40.9720129638988,3.7511965784036,55,48,65,49,42,85,86
"392",38.846910547908,4.56999066361448,40,52,66,58,38,77,86
"393",40.2750068666061,5.09329943646771,44,55,60,58,34,77,95
"394",37.9198145845409,5.83304108871048,45,50,64,64,25,67,87
"395",36.6695237125514,4.91506752188113,48,46,65,58,40,75,84
"396",34.2270616806181,5.11185303901226,47,46,62,50,38,73,86
"397",41.7787412611576,3.96056405715103,54,41,61,48,38,75,89
"398",37.1350317943656,5.79642281352093,49,45,63,68,29,69,87
"399",34.8546147979964,5.09990337615796,45,42,61,53,33,79,94
"400",39.5956692991514,5.73695975319081,47,48,64,53,46,77,86
"401",40.2233228748337,6.54688133441627,45,50,72,62,36,72,84
"402",42.6869643225957,5.17892097186338,49,44,62,52,33,74,87
"403",35.1910080891847,4.71745340835676,46,47,58,52,39,76,92
"404",35.8273965378306,4.23270122142491,49,46,59,55,37,77,91
"405",35.7513339054094,4.42359575975688,55,55,64,59,42,76,89
"406",35.8730277315388,4.08514415999924,48,48,58,53,37,79,86
"407",35.9001071628929,5.36991096128738,36,44,63,53,27,82,91
"408",36.1129676418973,3.53231563669831,46,43,70,51,32,73,85
"409",41.3254612305996,3.25463802159192,41,46,76,58,34,67,93
"410",34.9073851242609,4.33261819607854,43,46,72,56,33,75,87
"411",35.8354974822359,6.08427900648207,43,53,60,54,35,76,87
"412",38.9576093565146,5.12283164143216,39,42,65,56,42,83,92
"413",40.3743173396054,4.5057506052469,56,60,69,63,42,76,89
"414",34.6836675909282,5.6695881839145,58,52,61,47,31,69,87
"415",35.4757413515851,4.64852114666507,41,56,67,61,37,86,90
"416",38.5708617714941,4.88501959911892,44,46,67,51,30,79,90
"417",40.0532626796139,5.07298694180132,43,47,68,51,33,75,90
"418",36.2465062357361,6.08877461255298,53,54,73,63,41,79,91
"419",32.7100196578342,6.29256873846574,40,45,48,59,35,82,91
"420",42.1273630963026,6.28251129409906,49,43,67,55,40,82,91
"421",41.3052087169349,5.97905611829466,40,52,67,64,38,78,87
"422",34.8688865624504,5.32946978342909,39,47,56,60,35,86,89
"423",36.8047972790333,6.8796357177335,45,45,63,66,27,73,87
"424",31.7215937939022,7.04289903105136,43,50,58,58,33,77,87
"425",38.7091689154573,6.32857637262015,39,52,70,54,41,85,91
"426",41.8370403946054,4.78033135626343,50,55,61,50,53,88,91
"427",32.0881580586858,3.9599525684487,40,51,68,65,42,83,92
"428",34.6612944603948,5.19294978270913,51,45,66,53,39,76,89
"429",35.0764691987483,4.44476374812076,53,59,71,52,37,74,85
"430",34.9566058192865,5.27499088985136,48,47,69,60,40,72,82
"431",30.9001432131462,4.44948659491405,41,45,64,53,46,83,88
"432",38.5028906777437,5.92125989309349,49,50,63,61,42,82,91
"433",32.4046055801028,7.18945599237245,40,45,55,52,38,81,87
"434",36.9250070821652,5.96399479008248,50,53,69,46,34,77,88
"435",38.7789541630759,5.74181847627266,63,61,62,50,29,77,90
"436",36.4054137355461,5.03735656495947,43,48,64,63,38,66,89
"437",39.6760251774206,7.18083368623473,49,50,59,57,41,84,95
"438",36.9228547872455,4.92041479649253,37,41,61,52,34,72,84
"439",35.057018648243,6.37629502882361,56,52,70,52,28,73,86
"440",38.9390782451039,6.57531667679071,44,44,67,58,36,81,87
"441",35.6985017799112,5.16037697840795,40,41,65,64,28,72,84
"442",42.3178335549355,1.74677992709707,44,48,73,58,37,75,89
"443",36.945220866511,4.6700695126863,44,45,64,57,37,83,93
"444",39.5584449808016,5.45708982566259,49,50,58,58,35,71,89
"445",37.6154887097321,3.69589624256562,42,63,60,56,42,84,84
"446",27.9758542032386,3.70882656115478,42,41,69,52,38,82,91
"447",32.9016642060131,5.90637973166873,39,45,59,59,48,84,88
"448",35.7276932195656,2.20403850478877,37,47,58,54,35,71,87
"449",37.7104109912367,5.2335605713203,54,54,58,52,34,79,86
"450",29.9718306389231,4.73096406135084,31,34,56,64,32,81,83
"451",39.8850899001421,4.34145494498286,45,42,73,53,35,80,90
"452",35.1867227984367,5.06334579307058,51,41,66,53,30,74,93
"453",34.7413681619113,5.05447683906499,41,40,57,57,27,81,92
"454",32.3331652223673,5.24700932343664,45,55,60,56,30,83,86
"455",32.6383187859968,5.12403554790576,48,47,64,51,31,78,92
"456",37.1689955081632,4.46474330039239,50,56,66,59,39,81,93
"457",38.5281082200217,5.25848259138596,42,42,67,55,29,77,93
"458",30.7063511206471,6.38770886795755,46,46,58,60,34,86,85
"459",33.986914061652,5.66717044629968,48,45,62,53,39,81,87
"460",38.6073151667578,6.49704945208069,50,55,65,58,27,79,90
"461",35.6408887460502,4.72511959655629,51,48,74,59,35,81,92
"462",43.4961055054518,5.58307584337074,44,48,67,56,38,84,93
"463",40.7372400182443,5.50335852628182,47,42,72,55,44,77,93
"464",38.7864941022088,4.25675231802475,47,55,65,57,44,82,89
"465",37.0146533486146,4.18312241454614,39,54,63,55,48,80,90
"466",37.8380823461658,6.87028368106197,42,46,54,53,27,74,88
"467",34.8822816241971,4.17274695595374,50,47,67,62,39,71,81
"468",38.8840514588718,5.95071269358428,45,57,69,49,29,75,85
"469",41.4406418802571,4.7338276489393,40,45,61,52,39,76,93
"470",40.2502897302498,3.9009178183034,48,50,70,61,35,84,87
"471",34.5602672300077,3.46578245692639,40,32,54,59,30,75,88
"472",32.1433694523292,3.79369014036608,39,53,65,50,41,86,88
"473",36.6710329015353,3.04997472714069,45,35,57,53,30,68,88
"474",38.3226681127509,4.11595997036818,50,52,71,64,37,72,87
"475",41.0529819394258,5.9734059852016,54,55,68,54,42,80,81
"476",33.0441715463993,4.41902868416452,42,37,63,54,36,78,94
"477",38.0931537778223,6.73676738151204,47,54,65,50,32,74,90
"478",37.7004995052656,4.82732468184678,42,51,59,52,43,81,96
"479",40.5818657837772,4.06200746825094,41,49,57,54,35,80,94
"480",36.9162700836113,4.71540634020695,47,52,65,67,30,71,90
"481",35.9281034364872,4.41098189833304,50,54,59,50,46,85,87
"482",33.5595575916449,4.55606857397109,53,59,71,62,39,77,90
"483",35.4477385492191,5.05999657346923,42,50,59,59,38,83,87
"484",35.9136286822652,5.08223294886521,45,47,67,56,45,75,91
"485",44.0516629773673,5.75839752368717,50,45,61,65,37,80,89
"486",44.3395941270999,5.53966299090334,46,47,63,55,32,77,89
"487",36.4998901615472,5.77664764653249,38,47,64,55,38,79,90
"488",33.8689976828143,5.13217166467444,48,38,64,55,33,80,93
"489",31.081195197776,4.19313470020926,34,44,60,61,28,76,85
"490",38.5440149003141,5.44935008578659,40,39,62,52,29,70,85
"491",33.7282792487954,5.41264145683315,39,52,64,53,31,76,89
"492",43.8539779766331,4.59638595088801,55,48,64,57,35,82,84
"493",34.3431472820261,4.61191172252258,35,41,66,58,34,75,91
"494",37.3333192892372,6.09518774784029,44,39,64,68,35,80,89
"495",48.430830042132,6.34048004305313,57,50,67,62,27,67,81
"496",33.6732700061702,5.11440554667565,46,55,70,58,33,81,90
"497",37.9226998732644,4.60773537971838,52,48,65,59,35,83,90
"498",33.6793165833245,6.65235784319754,52,48,63,65,35,72,84
"499",38.0429609464659,3.75630239122539,48,48,65,55,32,83,92
"500",34.3802063948139,4.08807412922044,39,41,71,57,34,80,93
"501",37.2319093682108,5.85004347189394,45,56,62,62,37,81,88
"502",36.1093940735301,4.07468700490075,44,47,68,57,33,77,89
"503",33.450273278702,5.89358121444121,47,46,64,64,37,80,84
"504",37.0338780652717,4.05899026218813,33,33,58,55,33,75,89
"505",39.9748031081781,5.53895209410155,45,40,60,41,41,80,93
"506",41.7819023617112,4.81802560189466,43,48,74,59,39,76,89
"507",32.8818661872125,5.89176759496512,38,48,60,53,34,75,87
"508",36.251167200873,6.32920820523491,49,45,61,46,30,69,83
"509",40.4782735805667,4.89653387479352,41,50,59,55,39,80,87
"510",33.6573329564692,5.61506461072232,48,51,62,49,33,77,83
"511",29.4144979334488,3.2002276046638,38,42,62,55,38,74,88
"512",34.1922923244601,4.73729485835699,33,42,61,60,27,71,84
"513",34.0982816261933,3.78985812312158,42,55,66,49,49,83,89
"514",37.1424657769834,5.20447725255087,43,44,68,54,30,83,90
"515",35.7887896195059,4.98600589548809,30,44,65,63,32,76,87
"516",37.6944883847339,4.76479916018111,51,48,61,55,41,79,86
"517",35.7328827762198,4.81168134576205,43,34,58,59,29,68,88
"518",38.1223551840859,5.9512830688405,55,50,68,49,36,80,91
"519",35.901982675009,4.8459852140265,40,50,61,57,42,71,92
"520",40.5703043395632,6.85424450475186,39,41,66,54,34,78,92
"521",34.7880174242283,3.09583264561051,40,42,63,61,33,77,84
"522",37.8719999363178,5.35929970190046,47,47,63,57,37,77,83
"523",34.3454512951466,7.1145349462097,41,45,57,53,41,82,91
"524",37.6240194366125,3.86425101315684,47,52,73,52,35,74,90
"525",36.8568094825644,4.20374401421566,45,41,58,66,29,84,89
"526",31.9464380615842,4.60243054984925,41,47,56,53,32,84,85
"527",36.5673203301431,5.09172404154558,48,46,66,56,41,81,91
"528",40.5406409965079,4.76130592586472,50,49,70,52,35,79,90
"529",39.0441997695985,4.53803763630061,47,47,65,62,31,75,87
"530",37.4297428926627,6.9263406073496,51,43,62,53,34,78,87
"531",33.4230506688613,5.12205481482263,44,44,69,55,31,77,85
"532",40.5076859583673,6.09205057650629,47,52,64,61,36,76,85
"533",37.2376051268361,2.02774252455259,46,40,70,63,26,73,90
"534",35.644678741694,6.12848905096528,55,50,68,64,42,78,86
"535",41.9260846384023,6.31200012901363,51,55,79,64,43,79,89
"536",34.6912230352014,4.51739202693496,44,53,70,59,33,71,87
"537",37.9100828822735,4.77514100334618,44,51,68,60,36,78,91
"538",40.8452122635505,6.66776531087937,46,46,62,47,36,79,86
"539",38.8066683855113,5.04121853231661,48,49,66,53,43,79,90
"540",36.0789332063895,6.03817484555139,45,42,61,55,43,83,90
"541",35.7447456897321,5.58764293334225,50,48,66,60,31,83,94
"542",38.0654065901383,4.84170042285437,40,55,66,60,40,84,81
"543",38.5404433437987,4.70791458510842,48,50,61,56,38,83,88
"544",37.0558222009862,3.58010103666079,44,50,72,54,49,81,92
"545",40.95534691677,2.86168197479153,44,43,55,56,29,80,85
"546",36.8025040004855,4.9774998950974,47,49,70,65,35,75,89
"547",34.8991117650469,5.26977095362494,43,46,64,67,38,72,85
"548",38.611978394564,4.49703060096896,50,46,74,57,31,78,87
"549",30.3946530329382,5.63080739036771,39,52,65,52,38,83,86
"550",38.1759212313952,5.47456520841655,52,57,70,69,36,74,92
"551",38.4908828572712,4.65934093842356,49,51,70,56,41,76,85
"552",36.3253758537103,5.04960155952215,48,57,69,65,39,80,96
"553",33.6485705040043,6.2952631908601,47,47,61,54,36,81,86
"554",35.8150161900584,5.31462420495831,35,56,71,54,33,70,89
"555",41.6494910267089,5.80157250370233,51,48,68,48,28,67,91
"556",34.769456560604,5.48605889623246,38,53,69,59,36,85,84
"557",30.0048636468113,6.72556105665083,45,40,62,57,32,78,87
"558",39.4367363266276,5.1024328607508,39,39,62,55,30,72,85
"559",35.4960680283959,4.01016292506066,44,49,57,52,35,78,92
"560",35.4673403021429,4.53955879100111,49,53,59,50,38,86,90
"561",33.353907876535,5.23766149197159,45,40,67,52,31,79,86
"562",36.9323241149583,4.73060273582909,43,44,66,53,30,76,82
"563",39.1037179012891,4.83044593034336,40,59,67,56,39,82,88
"564",35.2375539232306,5.66486897326661,47,48,62,54,37,80,90
"565",35.1798161757436,4.22444908479465,46,43,64,54,31,82,90
"566",40.2899206450009,3.08073886897076,38,49,59,56,39,77,87
"567",36.2574709687591,7.01933253963338,47,45,67,52,32,73,85
"568",36.5202948600303,5.43521051486901,39,45,64,53,41,81,91
"569",35.1226652477948,6.05016883215485,43,54,74,59,32,76,90
"570",39.7013039068007,4.6878851593496,42,47,69,50,36,83,87
"571",34.0174191122013,5.09361761730455,34,38,58,48,32,73,89
"572",39.5477511576411,2.84681224941343,53,59,66,53,49,87,94
"573",39.4171068669293,5.35799307102649,46,46,59,54,44,79,87
"574",35.5971971920263,5.46786481132948,48,52,56,59,29,74,93
"575",39.54526094117,4.09331116512366,46,57,65,53,44,85,87
"576",39.9603095907881,4.47065008447325,43,50,64,50,36,75,91
"577",38.7268608655581,6.34357671685515,45,44,63,62,35,81,88
"578",43.0745261362545,5.46943405662348,56,49,71,48,36,79,86
"579",31.1129404263249,4.74689491224958,47,48,57,58,38,75,87
"580",33.5052372080872,5.36910371532843,35,43,64,55,37,74,92
"581",32.8704423588075,3.65329280954922,49,47,62,42,32,81,82
"582",37.5030398034093,6.1719354256206,51,54,68,50,32,75,88
"583",41.7538872374791,3.0912636550737,44,48,63,59,30,81,95
"584",42.0336668589287,3.99560918937601,55,54,69,54,32,83,88
"585",38.4648900951849,5.67668751365911,53,47,60,55,43,77,93
"586",39.636019787681,6.15232174421702,46,53,61,55,43,79,85
"587",36.5653753779104,3.26724008243669,39,48,59,53,23,66,81
"588",38.4069152802226,5.60130885658606,48,47,67,55,28,79,87
"589",38.1287064313885,5.3416503140745,47,47,62,57,39,78,90
"590",34.7168791748306,4.96471899093428,44,36,57,46,38,74,89
"591",36.1201151987474,4.37383498020427,36,46,62,53,32,77,92
"592",36.5954762067774,4.14402879025392,53,46,64,55,35,78,88
"593",41.1815374485191,5.15177784197379,51,52,70,62,34,73,85
"594",33.8890339309051,6.20637269384614,47,44,65,52,30,78,86
"595",30.656994556589,3.51142211679733,34,38,69,51,37,80,81
"596",39.3048346546132,3.94962587693124,38,55,67,63,28,75,83
"597",34.5515181377395,6.63787411690859,47,54,70,58,43,80,88
"598",35.6916792305183,3.79266581879672,45,48,62,52,31,77,87
"599",39.7141150938484,2.37384491539723,45,50,70,59,37,75,88
"600",34.7107412063551,5.01746326615102,34,49,74,54,33,85,87
"601",35.9767990610866,5.34419402736826,50,46,62,53,35,75,90
"602",41.5072736027038,5.01271983733213,54,49,66,57,40,80,88
"603",38.5849231369492,4.12654986681104,53,55,69,56,37,80,88
"604",38.6265740663929,5.34280028434122,43,53,63,50,38,75,90
"605",36.5899799328464,4.82261224571752,38,48,71,58,32,71,89
"606",33.5897984400918,5.92143325459061,51,47,65,55,36,77,89
"607",32.5101185369326,5.30094440220954,38,42,62,52,27,77,88
"608",36.3298430693302,5.6933867527098,42,49,59,53,32,77,90
"609",43.0051576833186,5.32547190627877,53,54,61,59,40,79,88
"610",37.6651114486409,5.40805102272887,53,44,65,56,24,71,91
"611",37.4931187277392,5.75984225589101,49,46,69,59,39,79,89
"612",37.99787082655,2.71284647954959,48,56,61,64,43,81,89
"613",35.8443760027257,5.51783826158846,40,56,66,59,37,79,92
"614",32.8037379203263,3.65276374171391,42,50,58,50,40,79,82
"615",45.0272223875555,5.36315985886833,50,54,65,57,42,86,90
"616",35.7289417339541,6.31475256465827,51,42,63,52,37,86,90
"617",36.1041954642008,4.55169408909221,46,41,68,60,27,74,89
"618",31.6229748194411,4.19183553174075,46,52,62,50,37,85,88
"619",36.2559753247957,4.91373150096042,42,50,54,55,35,79,90
"620",36.2580882448762,6.58542427252084,51,55,67,52,41,85,90
"621",36.233468864421,5.10105744818669,37,42,57,56,36,70,84
"622",31.6391856997223,5.14876221165297,39,36,61,54,31,68,88
"623",42.3539884480743,4.45356533185596,49,53,65,53,34,77,85
"624",42.2907590432376,4.47232441273588,50,44,56,56,37,74,86
"625",39.0688006658023,4.86012844050795,55,47,64,51,28,72,90
"626",33.6977780667282,3.41058858555015,41,44,65,54,37,76,89
"627",39.1435280706934,6.23410416568767,48,47,63,52,33,70,91
"628",36.2605890491979,4.66454515166789,50,51,68,71,36,87,92
"629",36.0406415022184,2.99899749319013,41,48,61,57,29,74,89
"630",41.0879328788641,4.98254159726163,42,44,66,53,31,75,89
"631",33.316352230052,4.75903310415639,38,44,55,46,33,76,88
"632",35.4663423017486,3.20801060107748,51,55,63,54,43,84,89
"633",34.8064150028051,7.04969151122701,40,47,63,61,26,75,87
"634",37.0592560206304,3.88278238848912,48,46,63,54,41,81,80
"635",32.28140825587,3.64645045518236,47,47,60,53,31,72,87
"636",34.8900001905151,5.45130231103092,49,36,59,53,25,69,86
"637",39.147796266723,6.0332274248505,49,53,63,60,37,73,89
"638",38.3956447192693,4.80411430488611,48,48,57,58,37,76,82
"639",34.0782930807871,5.22731038678075,40,35,70,55,40,84,81
"640",38.677653191405,3.89780025001251,47,58,71,50,47,90,92
"641",29.702080763783,5.95527736854135,35,38,62,61,25,76,91
"642",35.9785452198936,5.31283044591251,48,53,64,56,39,85,89
"643",39.1390995845507,5.10100571319913,47,45,65,57,34,80,89
"644",35.0228878405326,5.74811541429024,46,50,66,52,42,84,92
"645",36.8907921323005,5.99896089479361,40,49,69,59,40,77,92
"646",32.2201410954193,4.26748469098684,42,52,61,55,28,70,84
"647",39.5433783917433,5.48089524011079,40,43,69,63,32,76,90
"648",31.4488334540182,4.01054969174264,44,55,70,65,39,79,92
"649",36.0290481049291,7.22955904834575,48,55,64,53,43,76,86
"650",36.2342556624905,5.45673659958887,45,39,65,55,41,81,86
"651",37.1827636819202,4.96418455641534,44,51,70,55,32,83,89
"652",34.5295251129434,4.50955729358024,39,52,63,57,43,83,92
"653",42.4891914545081,4.77943338881918,39,51,60,61,31,69,88
"654",32.7102513526555,3.89879063921501,59,51,71,59,33,80,91
"655",37.7624114290138,5.06347047135705,37,52,61,55,43,79,89
"656",28.1806789139921,5.58352593308714,50,52,70,58,36,76,89
"657",37.0072474268304,4.48664115380524,44,38,64,53,37,76,91
"658",38.5289967137858,4.18744787807242,37,50,75,63,32,73,90
"659",33.7458399966581,3.37068009448544,39,39,58,52,30,75,90
"660",39.1144989306327,5.56890570651177,48,43,68,55,35,71,87
"661",37.9929290499826,5.33378330670496,42,49,59,60,28,75,88
"662",39.9289824189291,4.78867744063105,39,50,69,58,41,79,87
"663",34.4699803588038,4.44890206960076,41,44,60,63,30,77,92
"664",34.0882602854113,5.25836112894113,44,41,71,53,29,74,88
"665",31.6854059540712,3.624789553589,36,37,52,59,30,79,93
"666",36.0325889750622,3.5272458508973,47,43,66,48,38,80,87
"667",32.9835977729365,3.55479032715413,41,43,63,54,41,82,86
"668",39.0644680844382,4.63871157537883,50,50,67,61,31,76,90
"669",37.2138419567517,5.79070996473063,51,42,59,51,41,85,86
"670",43.5692570778375,5.71465784632399,48,49,66,57,32,78,84
"671",33.5268772020956,4.43484648270199,48,45,61,52,36,74,91
"672",40.545064192277,6.41801430342912,54,53,73,60,39,73,95
"673",35.4178949151755,3.85424321901,42,60,75,63,36,76,88
"674",32.6301159660677,4.50718217704762,47,44,67,53,30,71,84
"675",38.7189021114795,4.26694772634401,50,45,63,56,37,81,89
"676",32.6998668859834,5.15923208035453,37,43,62,59,29,75,88
"677",33.8344449444205,3.24880704078052,39,48,62,60,36,77,90
"678",34.8006643677341,6.18483086705245,38,40,62,54,30,82,93
"679",37.6327217927539,6.20703160102077,46,49,63,47,41,81,94
"680",34.003237818817,5.9776493265305,48,47,58,53,26,75,82
"681",40.2335509696169,4.91800825595681,62,50,66,48,31,73,92
"682",33.4030768524764,6.15626342259789,44,57,71,58,28,85,91
"683",37.6499111055541,5.48679633675251,41,44,61,57,30,79,84
"684",37.4292610893668,5.95884866279506,41,33,60,59,35,79,86
"685",33.8027497268411,5.17779237118878,51,50,67,58,29,81,88
"686",35.7141297678947,5.29225088103406,52,52,63,58,39,78,89
"687",35.031461569686,2.88665931534664,48,54,63,61,42,82,91
"688",39.8781829805728,4.46195208917891,40,44,66,64,39,76,93
"689",41.6681579083067,6.01402558475317,42,52,67,60,41,81,90
"690",33.8776106986353,5.10126964147385,42,55,51,56,39,80,90
"691",39.7917172256207,3.78129262845192,41,44,64,49,40,84,89
"692",36.7736622069634,4.04162320720885,41,58,65,59,35,78,90
"693",31.0984139528471,4.44420251539402,46,49,64,59,33,73,84
"694",34.7322890720644,7.12187591164329,47,49,68,66,32,78,89
"695",38.3834474815203,4.82041001243905,49,48,66,65,38,79,84
"696",37.4353198931436,4.35526459175726,41,55,63,51,49,85,89
"697",29.6730660367557,2.90741622824346,40,30,54,61,30,76,89
"698",38.7409560563547,3.09812916230114,39,46,65,61,33,80,90
"699",38.9651559954602,6.22225027632159,46,48,69,50,35,81,87
"700",36.0864734882217,4.14877955861984,49,52,60,57,35,78,88
"701",34.8772953021481,6.62120288295757,51,45,63,53,46,87,90
"702",42.9147160434347,4.67089719803548,46,48,69,55,45,83,88
"703",36.7300039580568,2.67359047255989,40,41,62,48,39,71,87
"704",36.9579482442042,7.1929979995365,45,51,66,55,39,76,89
"705",33.6296291886695,3.91752002360307,39,45,64,51,38,84,89
"706",32.9676096298714,4.49363903263994,44,57,60,60,39,77,85
"707",32.4305326868137,5.09591895683304,40,49,63,61,30,71,88
"708",35.7340953688535,4.87983474205844,42,45,60,52,42,79,87
"709",41.0827733922429,3.48133237032544,43,41,66,56,36,86,86
"710",42.2613845360046,3.48941493715705,47,49,63,46,36,79,85
"711",41.7050942030584,6.3956049282303,48,43,64,52,24,80,93
"712",40.8902667098432,4.29157805592004,41,59,64,50,50,86,93
"713",36.2872112456692,5.82793835310999,41,47,68,59,35,77,91
"714",33.3275495929579,6.70775583721357,52,45,61,55,44,79,92
"715",36.0165619595798,4.22083344312843,34,49,72,58,31,84,94
"716",29.7626491711832,4.29310093132802,41,50,59,49,38,77,90
"717",36.0586213796698,3.00709748948464,43,50,63,55,33,82,88
"718",41.9796361139371,6.89987653291093,48,52,63,52,36,81,87
"719",37.3928593018226,4.24379306412734,43,48,59,61,40,75,82
"720",40.2876660480688,4.62204422027578,49,47,66,44,37,78,91
"721",38.4680228708317,3.63604519851426,44,52,60,57,30,74,87
"722",34.663269113654,5.74195815930761,44,56,66,57,34,82,85
"723",42.2306780587881,6.61097599601383,50,46,68,50,28,73,90
"724",36.7648381440068,5.22738744689533,43,47,59,57,33,70,86
"725",34.0733386224324,4.59948432608264,44,47,57,55,31,74,94
"726",37.2119794742157,3.33041960035694,53,51,67,56,34,84,94
"727",32.4442014135304,6.4907010973021,46,56,72,59,41,91,90
"728",39.591337098374,5.6914874331984,43,40,72,56,34,76,87
"729",38.5047051560931,4.9590225233352,48,57,73,54,39,84,89
"730",35.935656011059,6.20434485267842,55,53,59,55,34,83,93
"731",35.5347133372264,6.29851496357034,49,46,62,55,33,72,89
"732",39.8088818418781,4.53778297924008,43,48,76,51,35,84,87
"733",33.8127748407336,3.77422625217782,40,41,70,51,34,70,83
"734",34.0485373848868,5.96326675410576,42,38,62,56,43,81,84
"735",38.2727436310602,5.69321122796088,49,51,57,55,34,73,80
"736",35.6460595583421,4.49860683407386,46,41,55,57,30,73,88
"737",39.7752543901717,8.15397141698372,48,46,65,60,38,74,84
"738",36.4041375705631,2.45089310498306,42,45,67,59,35,78,89
"739",40.5845530507012,4.99186191517091,44,50,64,55,42,75,88
"740",38.4866341155405,6.1387806409713,50,54,55,57,31,79,90
"741",30.2645422777211,6.48234646794641,37,45,66,52,42,81,86
"742",32.9938859187453,5.97584500896383,48,43,65,55,38,80,88
"743",40.8483256185331,5.14835029328322,44,55,61,57,35,73,91
"744",39.0723877125211,5.78890875730772,54,49,66,63,34,81,90
"745",34.0988119964251,5.55758121970771,51,57,61,56,28,77,93
"746",32.9626189449397,4.97260560695709,43,55,76,50,37,77,94
"747",40.1009961679472,4.12292504119976,43,52,74,56,16,78,86
"748",34.5646706210108,6.2162434707284,50,47,62,49,30,77,86
"749",42.4051764358545,4.64875018772508,46,46,53,58,38,81,91
"750",42.3146258811382,4.70560688262646,51,56,75,50,46,78,90
"751",32.6359258905928,5.25313780945896,36,46,57,57,33,80,87
"752",34.4630370622731,5.01149798582645,47,47,63,52,33,80,91
"753",33.2485610220275,3.02421603777494,48,48,62,55,41,78,88
"754",39.0018642037125,4.57367327613843,43,50,67,51,38,83,87
"755",33.1276909370871,5.61230256011016,37,41,52,57,35,79,88
"756",30.8949893845933,6.2308141088357,44,51,67,65,34,66,88
"757",43.0640409834775,3.72919219197032,49,53,69,62,27,70,88
"758",40.0179204628365,4.3494443364964,45,59,69,56,36,81,86
"759",39.451370803675,2.55683376281464,40,50,73,58,41,81,84
"760",35.0080351492683,5.99654859451847,40,39,66,58,26,67,83
"761",36.9661563062488,5.005113528409,54,51,69,58,38,82,91
"762",38.8590317686294,5.79102476383773,44,54,67,54,38,75,87
"763",33.1562837741074,4.43680846320886,44,35,62,58,32,78,91
"764",36.6272160208719,5.2138262026989,53,53,65,55,35,80,90
"765",37.5272249635053,5.97708266410222,55,58,66,53,40,75,90
"766",42.0783213834181,4.76583889736418,39,46,63,49,38,79,84
"767",38.9263981516208,5.84866055395477,46,50,55,62,34,73,89
"768",40.8466990970476,5.65397089056535,48,57,70,59,40,71,90
"769",37.4216409206421,3.40942997372612,33,48,64,52,37,86,89
"770",33.6624919504583,5.30942313291391,47,41,55,62,28,78,89
"771",35.9809690841143,2.5140178101144,41,46,63,54,34,80,93
"772",32.0057060822126,4.72156089270389,48,43,64,51,40,71,83
"773",39.7865552851608,4.44756624066646,50,54,73,55,33,68,86
"774",41.2504805041473,5.87604207279027,45,44,61,64,32,75,87
"775",36.811837667119,5.2934836944415,48,49,59,54,32,73,85
"776",34.0572929917064,4.4027779531281,43,40,71,56,29,73,90
"777",40.261450753711,4.84279639669245,48,48,66,58,29,77,88
"778",37.4179810796821,5.18418506027836,48,45,65,53,29,63,88
"779",35.8411837069786,3.98696798570121,38,44,62,50,34,81,89
"780",40.3707562695401,4.32015659526017,45,50,79,56,36,76,89
"781",34.7204630279272,3.75730638550024,42,46,59,64,34,82,87
"782",40.4468773096871,3.46498126352071,51,55,71,55,46,72,87
"783",34.4725712231897,4.47545998688959,41,45,62,62,26,68,85
"784",38.1742400211783,4.98147261454183,53,47,65,56,39,83,93
"785",39.6741317269559,3.43185282884103,50,59,64,53,33,80,91
"786",32.994223862337,5.46785167419539,53,40,59,55,32,78,92
"787",38.1943704335048,4.33217113601855,45,35,64,56,29,69,87
"788",36.6652395911535,5.31108235958752,50,53,66,64,31,80,89
"789",39.0272317499269,5.14255100416854,52,55,71,59,31,77,86
"790",34.6342061938623,4.62596527926919,51,54,64,53,34,68,90
"791",36.7390409978275,3.05507362396424,41,48,62,55,39,79,89
"792",41.1468520232674,3.40231868592961,48,52,64,57,39,81,88
"793",37.5054704914241,2.45934213902084,45,49,58,54,38,68,93
"794",39.4695728448254,6.36204724954097,36,43,70,59,36,74,80
"795",36.3373162071507,4.63933399664817,45,52,64,62,37,84,95
"796",33.9118250358559,6.93639731086409,41,48,58,60,39,76,90
"797",36.9672229274586,3.54411620246854,44,52,60,62,26,70,86
"798",33.3250265336777,6.48190570829728,44,36,67,63,34,83,89
"799",29.2116658346501,6.0761196360479,28,29,59,50,24,80,87
"800",40.5073677759745,4.24251159863403,55,47,63,48,26,73,83
"801",33.7392735490677,5.71408554443243,40,43,58,47,40,86,89
"802",31.5217509620608,5.5813846292329,36,44,61,59,33,89,86
"803",39.9858454218777,4.85327609757397,48,47,66,58,43,86,86
"804",36.9644146557078,6.50698177745129,55,55,55,58,33,73,89
"805",35.2011148157452,4.72046735675482,45,53,60,58,36,75,90
"806",36.4661560401937,7.02773873329871,47,45,63,58,32,80,92
"807",35.7220559745931,3.80425980417076,47,44,59,51,26,70,85
"808",39.9899763293652,6.31231789167378,50,51,63,51,48,79,93
"809",39.1829821255046,4.47599248722888,46,46,67,49,34,84,93
"810",31.8201082124095,5.3542495091413,40,47,63,67,41,82,90
"811",38.0601954869253,4.92832551231751,43,47,63,59,43,86,89
"812",39.1804409976987,4.86685569371497,44,62,66,52,38,85,91
"813",39.0047829279301,4.9119226156307,47,53,60,53,39,77,92
"814",29.7270480721474,5.91778893131064,43,62,55,58,39,83,87
"815",36.2939277249542,5.03143926436975,41,50,70,67,32,72,85
"816",42.9388999627539,6.35893058212786,52,48,68,58,37,79,87
"817",39.3903836159186,5.1134948450992,60,55,66,58,44,85,96
"818",31.8721714580624,5.17430654634009,43,53,63,55,31,77,85
"819",32.0089938643497,4.94651959531515,42,44,61,48,28,85,86
"820",38.4733286569466,4.57524196595685,48,52,57,49,40,83,90
"821",36.4778335432831,5.20791155209992,42,44,63,58,28,86,87
"822",39.8838716916325,5.99292291778912,47,45,72,61,44,86,90
"823",37.8814799850319,5.81385788845131,46,47,69,73,33,77,88
"824",37.2429980905275,5.99600558383351,39,38,61,54,24,78,88
"825",37.5509855283978,6.73274427091968,50,58,64,60,43,81,90
"826",37.498765106174,5.35704203443172,47,50,66,51,41,81,91
"827",33.1912028013572,5.15572633458215,47,46,64,55,31,82,86
"828",44.0484799618584,6.55278865626246,54,42,63,51,33,74,87
"829",32.763983777724,4.93593038215447,40,43,61,58,31,78,91
"830",36.9491155216533,3.99178124183632,52,44,55,53,26,78,93
"831",35.367041942135,4.10710447634296,48,48,62,57,36,74,87
"832",42.4003370000662,4.34548537877985,48,43,68,58,30,68,92
"833",40.0343205285377,3.5662171714788,49,49,68,50,36,74,86
"834",35.3088503322801,6.41818435319827,46,49,63,55,37,77,89
"835",37.6162623861251,4.40611433470667,48,51,62,60,36,76,89
"836",40.4963858505962,6.11897179804218,42,45,66,62,30,78,88
"837",43.7089685185207,7.38408156329113,49,49,71,57,41,80,87
"838",37.9067952285066,4.59671350584521,38,36,56,60,32,79,90
"839",33.8724801933069,5.37010855844375,41,43,63,52,28,63,90
"840",34.0493730595126,4.42470698626559,37,47,76,65,36,81,83
"841",43.0171557413026,7.91922880714949,53,49,65,63,36,79,88
"842",30.7882855484276,3.92108521047812,43,42,57,55,30,78,87
"843",46.1672271066456,6.17849132928048,51,56,68,62,42,81,93
"844",36.2159482177381,5.86960277317903,55,41,61,53,40,77,92
"845",35.6368202226588,5.93116630979851,46,44,65,57,44,78,86
"846",37.4726816663919,6.02468122759903,45,53,66,64,44,85,95
"847",39.8001661835958,5.61297505610497,35,40,66,48,37,80,91
"848",37.9084848275031,5.60819008147832,48,45,68,54,38,79,89
"849",31.1315493325826,4.10710828976026,39,40,56,58,23,70,86
"850",38.0606101284081,5.45203560631707,52,42,60,55,38,84,89
"851",38.3512735412273,4.62528769297826,43,58,64,64,37,84,90
"852",38.9786526116035,7.84018514503792,54,48,67,56,33,76,83
"853",33.9057378171778,5.73239345323504,53,59,63,60,39,81,92
"854",29.8869313559156,5.84051892824603,43,41,62,51,29,83,89
"855",36.0262710765264,2.7803478826512,34,36,59,60,25,79,87
"856",34.1671037472708,3.6725362179279,49,44,55,50,29,81,90
"857",34.7023300046707,4.02333930185486,49,51,63,56,44,77,90
"858",34.1386621998402,4.41292412797043,48,50,61,62,33,84,86
"859",35.8059866504364,4.43198718472406,51,61,65,56,30,72,87
"860",36.0663488112292,5.64364095672621,40,45,65,58,35,80,90
"861",39.3882781397195,4.76269289244381,58,46,59,64,32,78,87
"862",39.9592850316273,4.70142197429331,51,51,65,56,42,77,91
"863",34.6164050127477,6.18956255922973,49,49,68,60,31,78,91
"864",36.0735460854544,2.89105879614195,50,58,59,64,43,76,87
"865",38.0843342980768,4.92671799600454,36,49,56,54,33,73,89
"866",41.196373314514,5.86340286927373,49,51,67,55,35,80,87
"867",36.8317887410728,6.07470746145087,41,32,67,61,27,71,90
"868",31.9033795253377,4.794147369784,48,50,63,52,29,68,81
"869",37.6955576354239,4.56638616754193,41,52,68,69,29,79,93
"870",36.6427279870883,4.81777621559186,46,43,61,53,28,76,92
"871",42.3174785603813,4.56892132702154,56,49,62,60,35,67,90
"872",38.0302664963308,4.57539038956808,42,36,62,51,26,76,89
"873",35.1308506529358,3.6461803235692,46,54,67,54,40,78,88
"874",35.6814331185144,4.80340505101778,42,43,72,52,40,86,94
"875",35.4841096313636,5.23411613680735,45,48,67,58,38,74,88
"876",37.5581054114724,4.44279370598089,47,52,71,58,40,78,88
"877",37.5292533927984,3.88667472506577,40,47,64,54,30,75,95
"878",39.7475446204743,3.36936457413977,49,52,64,57,40,79,88
"879",37.9605301785428,4.61217611853928,44,46,71,58,44,76,85
"880",35.899938108636,6.72263201663562,47,60,73,59,43,77,86
"881",34.1781661144608,4.44149969983916,44,44,58,59,29,80,90
"882",38.9041087942586,4.36333915391271,48,47,65,66,34,81,90
"883",36.812534553015,7.78138713385586,42,47,70,62,38,79,89
"884",37.5485136030754,3.04274412360655,45,48,62,47,34,83,91
"885",40.3109230552684,5.142527896359,45,50,72,55,48,86,86
"886",42.2561068559463,5.66449879892362,45,49,68,47,44,84,95
"887",34.1385506195933,4.52137250751508,47,59,69,59,36,72,90
"888",41.9322413704609,6.18368958312197,49,51,71,50,42,84,86
"889",34.3997994116472,5.80543729132241,38,40,61,48,31,72,89
"890",37.7990565765843,5.05331775790035,50,47,61,65,42,80,90
"891",37.6671114845661,3.8326535847506,46,45,72,59,29,75,84
"892",36.169274470323,5.32335015586752,44,57,65,61,39,84,94
"893",41.1827591230541,4.67921697756585,38,36,63,51,26,67,85
"894",35.023264000666,4.11404973589889,41,41,62,64,40,81,90
"895",38.9815938415399,5.15127817183804,46,54,61,56,29,80,90
"896",36.9602328995701,5.57936347204544,43,48,63,59,42,79,82
"897",34.2055591038075,4.92083317382353,36,48,74,60,39,78,79
"898",40.6440674303991,5.84876763530516,39,47,67,62,38,80,89
"899",30.7349789034735,2.48896651286763,33,44,65,56,28,78,87
"900",35.4215425917621,5.73847711437738,40,50,66,61,38,76,90
"901",32.3757922992782,4.42900571468782,39,55,63,55,25,77,85
"902",37.5829632097038,5.286539016362,52,45,65,56,27,69,90
"903",37.793267648323,6.14761985588741,51,56,73,59,43,79,87
"904",33.6437944938708,5.13955870207308,41,50,59,50,45,75,88
"905",38.9528588684412,5.08892660879876,45,45,70,58,38,85,89
"906",33.901299284254,2.36984068300683,40,38,69,59,30,72,83
"907",38.9776044982539,3.78277916787814,40,45,71,60,30,77,90
"908",37.7134881988831,5.74915257885018,46,43,68,55,42,78,89
"909",39.1458278413136,3.58406707588764,54,47,62,62,29,72,88
"910",34.1845508824184,4.88761733816233,38,41,63,56,25,74,84
"911",37.2860620290343,5.3040320060429,50,52,69,60,37,78,90
"912",35.611541740131,4.64598719505195,40,48,65,52,43,74,83
"913",32.5933535317163,4.14875751047055,46,52,62,60,33,73,89
"914",37.4580595165646,3.53882692483064,45,51,64,53,31,78,93
"915",42.3212878339515,5.26425184621387,45,43,68,58,36,69,79
"916",35.0557871994549,3.09264205598273,42,41,64,48,31,74,91
"917",36.4005475729954,4.07476873376934,46,52,69,47,34,79,89
"918",39.0677311989315,4.88842870705524,50,50,67,64,35,71,90
"919",37.1084365295098,4.03476557456732,47,54,69,72,36,77,90
"920",42.8306089367586,4.83710107614663,46,44,59,56,41,83,86
"921",39.2116412013696,5.8601840549443,42,54,70,53,37,73,90
"922",43.9640017990661,5.01809877497731,45,47,65,56,39,88,89
"923",38.0467280388819,5.13726245583651,45,45,64,54,33,72,86
"924",33.5982500161723,6.59888607124798,39,46,62,58,30,80,86
"925",38.264005803713,4.88869915131955,46,47,66,61,43,80,90
"926",34.2263312295574,5.28545587356611,40,54,71,57,44,86,85
"927",33.978812901642,3.01609010393328,46,49,61,52,40,83,90
"928",36.4315770096892,5.03074021810737,44,51,62,58,37,89,85
"929",39.8017501005358,4.23999511373781,45,51,74,55,32,81,91
"930",38.031729998734,3.77598678248423,48,57,65,46,43,74,75
"931",39.4420608293907,6.00236665253138,39,36,55,47,33,78,91
"932",39.7460230068418,4.97845857714116,51,51,73,57,37,81,90
"933",36.4844436087332,5.94532133928423,41,47,67,62,37,79,86
"934",29.7933066591728,4.09150878380279,37,42,57,58,29,77,86
"935",39.3877205551925,2.59779777312326,43,38,65,56,31,75,87
"936",43.5073476080794,5.16293804752683,51,37,70,63,38,80,92
"937",37.1751504983791,5.94320893063456,42,49,66,62,37,77,82
"938",32.9352566514169,7.54460486023111,39,53,76,46,33,76,86
"939",35.8973477033379,5.88719093349335,50,42,59,55,37,76,88
"940",34.1964472625343,6.06043676648591,44,49,66,64,41,76,90
"941",36.8750823397852,4.38425211099913,42,46,63,53,39,87,94
"942",39.0283360166699,5.35285488141653,42,42,61,58,36,79,89
"943",39.5993084404166,4.52467187169152,47,54,61,68,40,72,96
"944",37.7055250744399,5.42205636981368,40,48,61,51,34,81,88
"945",34.1980896001707,3.8164408457786,38,38,56,55,28,80,85
"946",39.4397565018448,4.61625041650791,45,39,62,57,30,81,86
"947",41.0449556653901,3.54033419430716,47,50,71,67,44,77,84
"948",43.7556483277932,5.04577322446494,53,52,70,54,40,74,92
"949",35.5190426966022,5.45245611383115,46,45,67,59,32,79,85
"950",38.4222777974575,5.05756587037646,51,55,60,57,38,78,89
"951",40.5810749983423,4.36130614685132,39,47,64,64,38,84,93
"952",36.6508135854337,4.76131868169454,45,46,67,63,34,75,88
"953",38.5745756673054,3.35709737843116,51,52,63,60,42,71,90
"954",37.6432644438353,4.77742542904338,51,58,71,57,37,80,86
"955",36.5966513963894,3.22443154926612,48,52,66,50,43,80,90
"956",37.5055273086251,4.98453409721508,48,45,57,54,34,79,84
"957",39.89419830859,6.7510468744589,42,56,69,57,49,83,93
"958",38.2263367420132,5.70420650554998,44,43,62,53,37,81,88
"959",35.6006853544765,6.48101932421716,34,45,64,58,26,76,92
"960",30.2806510725347,6.35288791215922,41,43,58,54,35,84,88
"961",34.6148104446255,4.6700421643323,34,54,69,58,43,79,84
"962",36.9401346479691,5.36349874051327,43,37,60,51,31,79,89
"963",29.4567246341071,3.17233726688613,40,52,63,58,32,75,89
"964",43.6328560950921,5.89377774405253,46,47,65,53,42,75,90
"965",32.5337133102617,4.28087506574157,36,53,61,54,37,77,88
"966",33.5177443731423,5.94050951982644,43,45,54,50,27,81,93
"967",41.3732146748672,3.12884240905611,37,49,66,56,38,80,91
"968",30.43037215384,6.1470027171805,46,48,61,58,45,80,90
"969",39.2171880433851,4.49700890512927,45,58,70,50,40,81,91
"970",35.9679736943717,6.42589836833203,39,47,63,64,36,77,87
"971",38.3676302245351,4.98066004442915,45,45,67,58,35,74,91
"972",39.6343307876344,4.3619262735803,52,49,58,63,32,75,88
"973",34.124608231263,5.49827100039207,44,47,72,51,21,75,90
"974",34.8824654627542,4.94175326480935,45,57,65,63,38,69,87
"975",28.0091520903167,4.3737832222248,43,46,61,67,28,71,88
"976",34.1168430278655,4.10537923923869,47,47,67,52,37,84,86
"977",38.1405647617501,7.4100602149449,41,44,66,60,34,76,89
"978",38.5152027687461,4.05035274942785,51,47,67,54,37,79,85
"979",43.0811680113993,5.55915150057003,51,51,62,53,43,80,88
"980",37.1938810862189,4.78858531032042,49,56,68,50,35,76,89
"981",38.3909759452056,3.98214519819247,48,49,53,56,40,80,88
"982",37.2243349980806,3.60980901077273,47,47,62,45,47,82,80
"983",35.5394912924937,3.51137069086519,40,38,62,55,25,73,92
"984",39.2467324625878,3.59395536647443,47,38,60,58,42,79,95
"985",38.3927037426689,3.50376451778629,53,44,59,54,35,75,91
"986",37.3882613751804,5.68614592410205,46,56,63,53,37,81,87
"987",34.5536180451692,4.76323836931917,43,46,60,47,36,78,87
"988",36.8795486447937,6.99914242920796,47,51,77,55,43,79,87
"989",39.3442509330407,5.63323868289556,45,53,65,57,40,75,92
"990",39.0293582423879,6.64819754690779,42,40,67,53,34,75,83
"991",35.5520424232962,5.50271864338968,41,44,75,46,34,77,84
"992",34.9926595961095,5.8454674123562,40,54,61,56,35,72,84
"993",38.5384039657668,5.46724739572923,56,46,64,52,40,76,83
"994",40.1467297868605,4.59794493630337,40,41,65,56,36,82,88
"995",37.3631744893088,5.9235267032534,46,44,60,54,36,84,92
"996",36.0601213438614,4.99194435928822,44,43,64,57,36,89,86
"997",34.3579878099656,6.03378423761425,43,47,59,46,42,65,88
"998",35.7421393261834,4.2008730182733,45,45,59,60,38,79,87
"999",32.5517449659346,6.00423302095334,42,48,59,50,48,78,90
"1000",34.9080454017996,4.68802664380731,50,45,61,55,39,72,88
